{"learner":{"attributes":{},"feature_names":[],"feature_types":[],"gradient_booster":{"model":{"gbtree_model_param":{"num_parallel_tree":"1","num_trees":"10"},"iteration_indptr":[0,1,2,3,4,5,6,7,8,9,10],"tree_info":[0,0,0,0,0,0,0,0,0,0],"trees":[{"base_weights":[1.1680293E-2,1.2017697E0,-2.3514183E0,1.4261186E0,-1.674377E0,1.1832649E-2,-2.506836E-1,1.4817464E-1,-2.0347092E-2,-5.9447824E-3,-2.0802219E-1],"categories":[],"categories_nodes":[],"categories_segments":[],"categories_sizes":[],"default_left":[0,0,0,0,0,0,0,0,0,0,0],"id":0,"left_children":[1,3,5,7,9,-1,-1,-1,-1,-1,-1],"loss_changes":[3.052833E2,4.8968056E1,1.4253098E1,6.420822E0,3.6013193E0,0E0,0E0,0E0,0E0,0E0,0E0],"parents":[2147483647,0,0,1,1,2,2,3,3,4,4],"right_children":[2,4,6,8,10,-1,-1,-1,-1,-1,-1],"split_conditions":[1.424E-1,9.67E2,1.485E1,4.314E1,1.935E-1,1.1832649E-2,-2.506836E-1,1.4817464E-1,-2.0347092E-2,-5.9447824E-3,-2.0802219E-1],"split_indices":[27,23,20,13,26,0,0,0,0,0,0],"split_type":[0,0,0,0,0,0,0,0,0,0,0],"sum_hessian":[1.0654813E2,7.1188194E1,3.535993E1,6.650476E1,4.683434E0,2.1075454E0,3.325238E1,6.439722E1,2.1075454E0,1.1708585E0,3.5125756E0],"tree_param":{"num_deleted":"0","num_feature":"30","num_nodes":"11","size_leaf_vector":"1"}},{"base_weights":[1.1617265E-2,1.2560003E0,-1.8405406E0,1.4116763E0,-6.8048894E-1,3.7700957E-1,-2.056023E0,1.4425243E-1,-8.4793195E-3,8.810681E-2,-1.4104079E-1,1.098727E-1,-9.542352E-2,-1.2518691E-2,-2.2282448E-1],"categories":[],"categories_nodes":[],"categories_segments":[],"categories_sizes":[],"default_left":[0,0,0,0,0,0,0,0,0,0,0,0,0,0,0],"id":1,"left_children":[1,3,5,7,9,11,13,-1,-1,-1,-1,-1,-1,-1,-1],"loss_changes":[2.4816925E2,2.0374687E1,2.1452896E1,2.8889923E0,7.473572E0,5.5425467E0,1.2887863E1,0E0,0E0,0E0,0E0,0E0,0E0,0E0,0E0],"parents":[2147483647,0,0,1,1,2,2,3,3,4,4,5,5,6,6],"right_children":[2,4,6,8,10,12,14,-1,-1,-1,-1,-1,-1,-1,-1],"split_conditions":[5.074E-2,1.684E1,1.022E2,4.106E0,1.573E1,2.548E1,1.929E1,1.4425243E-1,-8.4793195E-3,8.810681E-2,-1.4104079E-1,1.098727E-1,-9.542352E-2,-1.2518691E-2,-2.2282448E-1],"split_indices":[7,20,22,12,1,21,21,0,0,0,0,0,0,0,0],"split_type":[0,0,0,0,0,0,0,0,0,0,0,0,0,0,0],"sum_hessian":[1.0567224E2,6.339908E1,4.2273163E1,5.893246E1,4.4666176E0,3.677544E0,3.859562E1,5.777749E1,1.1549722E0,1.3568196E0,3.109798E0,2.4979656E0,1.1795785E0,3.3020585E0,3.529356E1],"tree_param":{"num_deleted":"0","num_feature":"30","num_nodes":"15","size_leaf_vector":"1"}},{"base_weights":[1.22387195E-2,1.1864123E0,-1.6369575E0,1.3393612E0,-6.1694646E-1,-2.8787243E-1,-1.9507685E0,1.3701667E-1,-8.014486E-3,6.50432E-2,-1.4137529E-1,1.1654794E-1,-1.2007251E-1,-2.0003997E-1,-3.1205965E-2],"categories":[],"categories_nodes":[],"categories_segments":[],"categories_sizes":[],"default_left":[0,0,0,0,0,0,0,0,0,0,0,0,0,0,0],"id":2,"left_children":[1,3,5,7,9,11,13,-1,-1,-1,-1,-1,-1,-1,-1],"loss_changes":[2.0424184E2,1.7817764E1,1.800975E1,2.606804E0,6.474671E0,1.3938509E1,2.2561188E0,0E0,0E0,0E0,0E0,0E0,0E0,0E0,0E0],"parents":[2147483647,0,0,1,1,2,2,3,3,4,4,5,5,6,6],"right_children":[2,4,6,8,10,12,14,-1,-1,-1,-1,-1,-1,-1,-1],"split_conditions":[5.074E-2,1.684E1,1.466E-1,4.106E0,1.83E1,2.288E1,9.96E-2,1.3701667E-1,-8.014486E-3,6.50432E-2,-1.4137529E-1,1.1654794E-1,-1.2007251E-1,-2.0003997E-1,-3.1205965E-2],"split_indices":[7,20,27,12,1,21,16,0,0,0,0,0,0,0,0],"split_type":[0,0,0,0,0,0,0,0,0,0,0,0,0,0,0],"sum_hessian":[1.0346978E2,6.0603024E1,4.2866756E1,5.610211E1,4.500909E0,8.4513645E0,3.441539E1,5.4944492E1,1.157622E0,1.8083298E0,2.6925793E0,3.153668E0,5.2976966E0,3.3189476E1,1.2259157E0],"tree_param":{"num_deleted":"0","num_feature":"30","num_nodes":"15","size_leaf_vector":"1"}},{"base_weights":[1.1677696E-2,1.1266202E0,-1.4849051E0,1.2781365E0,-5.682644E-1,3.8387346E-1,-1.6636045E0,1.3098253E-1,-1.0311176E-2,8.1911445E-2,-1.1865208E-1,1.0421997E-1,-7.8913175E-2,-9.584569E-3,-1.8003458E-1],"categories":[],"categories_nodes":[],"categories_segments":[],"categories_sizes":[],"default_left":[0,0,0,0,0,0,0,0,0,0,0,0,0,0,0],"id":3,"left_children":[1,3,5,7,9,11,13,-1,-1,-1,-1,-1,-1,-1,-1],"loss_changes":[1.7068642E2,1.5778786E1,1.5224014E1,2.5035858E0,5.691436E0,4.3934965E0,8.41349E0,0E0,0E0,0E0,0E0,0E0,0E0,0E0,0E0],"parents":[2147483647,0,0,1,1,2,2,3,3,4,4,5,5,6,6],"right_children":[2,4,6,8,10,12,14,-1,-1,-1,-1,-1,-1,-1,-1],"split_conditions":[5.074E-2,1.684E1,1.022E2,4.276E1,1.573E1,2.548E1,1.929E1,1.3098253E-1,-1.0311176E-2,8.1911445E-2,-1.1865208E-1,1.0421997E-1,-7.8913175E-2,-9.584569E-3,-1.8003458E-1],"split_indices":[7,20,22,13,1,21,21,0,0,0,0,0,0,0,0],"split_type":[0,0,0,0,0,0,0,0,0,0,0,0,0,0,0],"sum_hessian":[1.0029037E2,5.7614914E1,4.2675453E1,5.311272E1,4.5021935E0,3.6244116E0,3.905104E1,5.1972076E1,1.1406431E0,1.2876978E0,3.2144957E0,2.3929362E0,1.2314755E0,3.2692733E0,3.578177E1],"tree_param":{"num_deleted":"0","num_feature":"30","num_nodes":"15","size_leaf_vector":"1"}},{"base_weights":[1.1651283E-2,1.0751953E0,-1.3658707E0,1.2252885E0,-5.197309E-1,-3.37473E-1,-1.6865754E-1,1.2576103E-1,-9.997818E-3,6.0741086E-2,-1.2067111E-1,9.786302E-2,-1.4391038E-1],"categories":[],"categories_nodes":[],"categories_segments":[],"categories_sizes":[],"default_left":[0,0,0,0,0,0,0,0,0,0,0,0,0],"id":4,"left_children":[1,3,5,7,9,11,-1,-1,-1,-1,-1,-1,-1],"loss_changes":[1.4421245E2,1.3932831E1,1.3576683E1,2.3129883E0,4.975831E0,1.8003424E1,0E0,0E0,0E0,0E0,0E0,0E0,0E0],"parents":[2147483647,0,0,1,1,2,2,3,3,4,4,5,5],"right_children":[2,4,6,8,10,12,-1,-1,-1,-1,-1,-1,-1],"split_conditions":[5.074E-2,1.684E1,1.146E2,4.106E0,1.83E1,2.548E1,-1.6865754E-1,1.2576103E-1,-9.997818E-3,6.0741086E-2,-1.2067111E-1,9.786302E-2,-1.4391038E-1],"split_indices":[7,20,22,12,1,21,0,0,0,0,0,0,0],"split_type":[0,0,0,0,0,0,0,0,0,0,0,0,0],"sum_hessian":[9.643243E1,5.454179E1,4.1890636E1,5.006235E1,4.47944E0,1.0445985E1,3.1444649E1,4.8920288E1,1.1420618E0,1.7401563E0,2.7392838E0,4.8105454E0,5.6354394E0],"tree_param":{"num_deleted":"0","num_feature":"30","num_nodes":"13","size_leaf_vector":"1"}},{"base_weights":[1.0483476E-2,9.2032486E-1,-1.4284422E0,1.1760346E0,-7.4765205E-1,-1.4994996E0,4.506351E-2,1.208136E-1,-1.2326549E-2,8.7015465E-2,-1.276838E-1,-2.5662238E-2,-1.5692988E-1],"categories":[],"categories_nodes":[],"categories_segments":[],"categories_sizes":[],"default_left":[0,0,0,0,0,0,0,0,0,0,0,0,0],"id":5,"left_children":[1,3,5,7,9,11,-1,-1,-1,-1,-1,-1,-1],"loss_changes":[1.2321097E2,2.5467552E1,5.5438156E0,2.2500076E0,8.194958E0,2.6649628E0,0E0,0E0,0E0,0E0,0E0,0E0,0E0],"parents":[2147483647,0,0,1,1,2,2,3,3,4,4,5,5],"right_children":[2,4,6,8,10,12,-1,-1,-1,-1,-1,-1,-1],"split_conditions":[1.424E-1,1.684E1,1.197E-1,5.506E-1,1.616E1,1.933E1,4.506351E-2,1.208136E-1,-1.2326549E-2,8.7015465E-2,-1.276838E-1,-2.5662238E-2,-1.5692988E-1],"split_indices":[27,20,16,10,1,13,0,0,0,0,0,0,0],"split_type":[0,0,0,0,0,0,0,0,0,0,0,0,0],"sum_hessian":[9.21079E1,5.6648884E1,3.5459023E1,4.937445E1,7.274432E0,3.4361637E1,1.0973834E0,4.8252457E1,1.1219939E0,1.6341736E0,5.640259E0,2.0757856E0,3.2285854E1],"tree_param":{"num_deleted":"0","num_feature":"30","num_nodes":"13","size_leaf_vector":"1"}},{"base_weights":[1.010273E-2,9.926617E-1,-1.201891E0,1.1398305E0,-4.3060234E-1,-1.6908413E-1,-1.4476132E0,1.17485836E-1,-1.2659124E-2,5.700445E-2,-1.03521205E-1,1.01938285E-1,-8.756903E-2,-1.4907342E-1,-1.5936652E-2],"categories":[],"categories_nodes":[],"categories_segments":[],"categories_sizes":[],"default_left":[0,0,0,0,0,0,0,0,0,0,0,0,0,0,0],"id":6,"left_children":[1,3,5,7,9,11,13,-1,-1,-1,-1,-1,-1,-1,-1],"loss_changes":[1.0670358E2,1.0854774E1,9.937325E0,2.150116E0,3.834517E0,8.318978E0,1.5554886E0,0E0,0E0,0E0,0E0,0E0,0E0,0E0,0E0],"parents":[2147483647,0,0,1,1,2,2,3,3,4,4,5,5,6,6],"right_children":[2,4,6,8,10,12,14,-1,-1,-1,-1,-1,-1,-1,-1],"split_conditions":[5.074E-2,1.684E1,1.466E-1,4.276E1,1.83E1,2.288E1,9.368E-3,1.17485836E-1,-1.2659124E-2,5.700445E-2,-1.03521205E-1,1.01938285E-1,-8.756903E-2,-1.4907342E-1,-1.5936652E-2],"split_indices":[7,20,27,13,1,21,19,0,0,0,0,0,0,0,0],